15525,4329,3823,3270,2927,2435,5882,237,6259,6445,7089,6854,242,232,175,203,242,232,175,203,150,224,117,186,152,151,197,133,2823,168,209,206,2823,168,209,206,231,253,1154,230,66,172,226,72,6271,174,90,187,6271,174,90,187,5729,77,171,183,6180,128,229,222,4621,208,223,3682,4621,208,223,3682,246,193,3244,213,223,2514,140,170,1705,248,108,8222,1705,248,108,8222,65,106,131,116,152,1137,239,246,5786,110,4544,80,5786,110,4544,80,4145,177,3676,223,3208,128,2074,112,10359,1225,9507,215,10359,1225,9507,215,183,83,174,195,142,105,144,150,6088,102,181,4437,6088,102,181,4437,127,130,3655,516,122,2784,492,154,2216,1357,81,1415,2216,1357,81,1415,13589,128,64,177,9923,200,90,117,10684,159,161,70,10684,159,161,70,143,183,13265,221,108,229,202,80,5950,207,247,81,5950,207,247,81,105,181,66,69,246,90,177,118,9324,133,134,106,
301,534,337,249,72,243,110,107,174,425,562,448,496,200,247,226,496,200,247,226,1550,375,526,327,211,100,200,455,369,309,253,194,369,309,253,194,93,140,113,118,234,520,384,502,435,255,202,85,435,255,202,85,67,245,180,150,502,442,488,446,341,80,79,173,341,80,79,173,201,154,163,179,509,539,408,373,171,205,136,91,171,205,136,91,127,70,172,196,296,535,513,477,212,173,230,252,212,173,230,252,251,126,161,152,246,536,461,503,352,111,1317,403,352,111,1317,403,252,143,144,254,523,438,355,396,191,135,1312,319,191,135,1312,319,80,175,189,157,514,401,517,358,285,73,225,136,285,73,225,136,199,101,94,179,581,396,512,486,135,110,173,180,135,110,173,180,164,500,398,511,472,208,190,230,504,347,403,332,504,347,403,332,1548,436,483,269,211,187,89,230,354,290,417,405,
127,155,69,166,170,173,255,144,1180,99,203,1177,171,232,164,141,218,571,487,658,429,447,158,219,573,430,383,419,151,78,109,229,573,430,383,419,151,78,109,229,123,1194,236,1122,73,94,99,165,199,584,519,588,612,355,123,225,168,480,1345,203,246,150,180,183,168,480,1345,203,246,150,180,183,126,138,255,138,113,170,89,229,221,100,239,228,107,236,100,1273,557,515,568,420,408,284,92,615,557,515,568,420,408,284,92,615,247,84,169,66,131,229,87,250,87,1227,143,75,114,213,146,624,651,491,440,430,284,98,557,467,651,491,440,430,284,98,557,467,98,139,206,251,229,227,71,157,213,101,130,233,224,175,148,121,121,104,187,121,579,561,513,545,121,104,187,121,579,561,513,545,183,200,110,239,156,210,102,249,235,194,63,91,218,167,131,223,217,112,542,592,574,1274,171,457,217,112,542,592,574,1274,171,457,120,241,174,218,234,175,233,84,162,1200,120,164,110,172,104,655,598,487,468,396,112,201,159,446,598,487,468,396,112,201,159,446,270,1134,206,248,156,156,190,148,64,161,183,134,243,237,63,655,654,541,421,325,179,271,505,475,654,541,421,325,179,271,505,475,64,231,140,184,249,1091,68,73,144,165,157,210,237,1674,502,552,366,345,130,78,526,550,395,441,366,345,130,78,526,550,395,441,246,243,223,112,190,124,137,198,163,246,245,116,119,188,170,203,170,114,142,533,513,672,610,405,170,114,142,533,513,672,610,405,129,108,185,83,246,197,99,119,83,146,226,154,81,160,136,133,233,231,220,136,477,494,556,494,233,231,220,136,477,494,556,494,89,157,193,192,148,63,216,236,207,174,172,157,145,123,163,520,461,640,497,298,296,291,504,510,461,640,497,298,296,291,504,510,168,167,144,1149,237,219,66,244,193,141,94,143,151,67,139,88,590,573,620,606,240,251,205,554,590,573,620,606,240,251,205,554,238,188,190,197,88,115,75,1175,79,179,580,501,535,543,385,143,237,450,464,425,497,239,124,78,237,450,464,425,497,239,124,78,193,72,254,231,173,170,246,76,131,192,96,67,89,218,155,226,116,208,188,108,193,600,551,538,116,208,188,108,193,600,551,538,73,152,224,103,108,234,192,87,155,170,225,137,120,65,167,64,171,153,181,138,115,161,73,189,171,153,181,138,115,161,73,189,250,230,135,248,193,168,176,77,146,84,251,97,124,245,209,129,187,221,141,231,506,512,530,512,187,221,141,231,506,512,530,512,243,68,85,81,124,232,231,203,142,1501,650,613,516,325,315,128,349,511,530,540,244,251,197,231,349,511,530,540,244,251,197,231,183,165,164,217,243,80,195,83,139,148,145,127,195,69,75,226,221,64,219,130,205,241,535,575,221,64,219,130,205,241,535,575,170,145,144,120,120,236,174,122,180,242,86,202,162,181,125,186,182,67,146,174,179,645,642,623,182,67,146,174,179,645,642,623,206,234,98,89,138,81,120,227,187,262,162,166,1121,214,203,547,578,612,444,364,269,100,113,187,578,612,444,364,269,100,113,187,83,136,104,134,215,205,189,157,84,234,94,87,161,135,200,246,191,237,215,133,211,655,488,657,191,237,215,133,211,655,488,657,146,168,130,161,247,181,63,263,188,117,245,158,79,1076,65,529,560,552,489,314,244,190,262,562,560,552,489,314,244,190,262,562,213,198,123,208,69,138,148,138,78,106,243,1151,90,147,63,100,82,187,596,617,581,1184,510,473,
1218,160,245,271,176,143,159,158,261,266,231,175,186,174,125,181,254,290,270,179,143,236,126,283,214,114,173,283,155,204,212,151,151,127,140,260,186,195,233,114,109,83,87,168,107,151,209,194,182,194,137,192,98,205,257,139,204,208,213,214,223,118,93,91,182,194,137,192,98,205,257,139,204,208,213,214,223,118,93,91,242,252,200,109,224,203,122,193,87,216,82,132,229,117,215,281,172,237,105,206,204,207,200,114,201,222,103,211,253,112,210,94,238,218,245,93,106,104,175,155,135,231,190,248,129,195,275,188,238,218,245,93,106,104,175,155,135,231,190,248,129,195,275,188,87,231,112,213,209,127,177,277,301,164,255,113,273,208,214,230,242,150,176,136,195,244,188,274,214,252,215,140,278,152,93,109,182,224,212,122,258,108,271,124,117,306,186,203,69,218,163,157,182,224,212,122,258,108,271,124,117,306,186,203,69,218,163,157,274,184,207,145,177,275,159,189,107,208,209,179,133,164,224,1155,203,127,188,236,258,185,1149,94,120,102,125,217,242,256,215,126,154,267,223,208,208,135,223,181,179,135,165,188,152,186,107,242,154,267,223,208,208,135,223,181,179,135,165,188,152,186,107,242,144,254,237,222,163,159,145,115,239,135,255,1224,159,288,138,188,108,264,230,206,261,185,153,218,233,151,198,253,229,155,185,110,213,144,280,248,198,239,191,215,143,175,132,103,240,238,205,175,213,144,280,248,198,239,191,215,143,175,132,103,240,238,205,175,248,276,161,157,293,125,216,144,168,227,167,296,291,276,192,168,73,207,116,118,154,189,276,115,166,249,111,171,258,265,212,186,103,145,132,1290,228,279,147,241,87,260,90,159,166,78,195,82,103,145,132,1290,228,279,147,241,87,260,90,159,166,78,195,82,72,121,123,165,171,217,139,200,89,225,115,186,271,250,203,235,262,200,249,106,168,115,1161,148,90,267,176,266,131,139,230,124,238,179,242,110,229,166,278,208,152,195,243,188,66,124,90,241,238,179,242,110,229,166,278,208,152,195,243,188,66,124,90,241,110,96,93,156,296,225,147,301,342,169,192,260,86,175,179,207,133,233,204,170,83,226,86,230,201,160,229,257,1222,156,200,84,265,205,281,193,234,205,203,120,205,145,157,133,247,145,197,215,265,205,281,193,234,205,203,120,205,145,157,133,247,145,197,215,202,184,203,168,186,218,264,223,292,124,211,280,166,204,278,66,212,106,237,172,124,205,246,108,219,1197,131,167,173,188,247,131,259,272,201,200,275,235,240,218,180,183,83,118,129,205,93,120,259,272,201,200,275,235,240,218,180,183,83,118,129,205,93,120,170,182,99,149,283,160,132,135,244,307,153,214,262,207,272,155,141,107,222,172,261,217,186,98,171,1191,231,213,204,166,140,1272,114,198,161,129,154,164,231,77,227,215,170,74,169,148,154,162,114,198,161,129,154,164,231,77,227,215,170,74,169,148,154,162,268,120,180,147,103,106,272,148,289,164,278,113,242,289,115,121,251,239,233,250,208,114,118,179,175,86,114,200,254,140,151,97,246,229,152,130,239,99,162,133,196,243,107,159,227,238,184,142,246,229,152,130,239,99,162,133,196,243,107,159,227,238,184,142,139,213,262,163,200,178,251,176,230,160,235,271,227,139,252,253,259,181,101,126,227,115,192,232,159,222,172,231,283,104,163,173,265,241,236,181,190,154,112,155,270,187,263,130,68,226,183,199,265,241,236,181,190,154,112,155,270,187,263,130,68,226,183,199,225,226,325,192,198,198,268,134,120,85,103,199,213,158,94,181,231,263,215,191,199,129,124,194,107,86,236,147,98,192,213,214,219,147,223,129,193,171,234,108,257,114,204,237,122,90,173,193,219,147,223,129,193,171,234,108,257,114,204,237,122,90,173,193,165,184,166,163,275,93,110,131,175,120,265,144,209,111,114,248,222,156,90,200,169,242,276,186,112,221,168,135,98,216,150,137,200,1176,122,267,134,192,264,274,229,127,184,180,112,95,245,114,200,1176,122,267,134,192,264,274,229,127,184,180,112,95,245,114,228,90,170,172,224,176,223,110,122,162,231,268,123,136,223,248,140,172,155,201,234,1172,194,151,241,243,224,180,242,292,129,158,125,229,1204,116,221,113,145,136,220,84,171,236,233,104,237,114,125,229,1204,116,221,113,145,136,220,84,171,236,233,104,237,114,182,126,229,159,159,168,143,192,267,251,331,133,242,215,216,195,295,141,212,130,1071,141,104,274,181,212,125,141,273,117,87,245,253,104,140,291,166,264,209,315,241,164,238,251,225,90,181,219,253,104,140,291,166,264,209,315,241,164,238,251,225,90,181,219,127,273,168,242,97,267,133,191,134,180,216,230,198,119,253,127,99,246,199,189,165,254,169,266,226,207,169,273,171,183,110,118,224,211,137,150,134,241,237,203,139,117,157,134,109,201,189,1180,224,211,137,150,134,241,237,203,139,117,157,134,109,201,189,1180,268,1225,244,106,176,183,105,144,182,245,156,232,235,127,107,217,172,230,186,74,105,132,174,241,175,193,151,186,207,96,195,127,273,136,270,221,239,248,215,109,166,119,182,136,191,167,137,236,273,136,270,221,239,248,215,109,166,119,182,136,191,167,137,236,193,241,215,222,87,77,181,249,157,140,246,154,229,213,232,237,200,202,214,241,249,159,233,209,112,203,102,101,155,246,226,103,131,108,232,242,142,160,215,247,158,264,299,201,193,195,1131,157,131,108,232,242,142,160,215,247,158,264,299,201,193,195,1131,157,256,130,234,233,265,212,252,101,148,261,198,198,114,257,254,233,229,115,229,190,254,232,142,133,182,236,293,1202,231,233,114,231,143,224,242,62,193,157,233,75,142,112,1152,221,151,228,1213,244,143,224,242,62,193,157,233,75,142,112,1152,221,151,228,1213,244,200,251,250,293,200,182,111,133,217,1195,126,231,1167,137,282,172,175,98,101,194,231,129,108,159,108,243,125,160,270,207,228,215,243,311,120,201,217,150,232,226,169,244,142,245,93,195,125,86,243,311,120,201,217,150,232,226,169,244,142,245,93,195,125,86,287,176,240,160,230,1236,178,97,107,159,129,260,254,110,135,95,277,139,239,270,198,167,260,205,141,1156,284,189,124,299,259,220,274,212,171,240,139,83,179,85,143,202,113,241,87,200,185,237,274,212,171,240,139,83,179,85,143,202,113,241,87,200,185,237,100,157,217,351,209,262,247,253,130,149,211,117,290,237,137,109,213,200,199,72,224,137,237,119,150,217,178,234,137,117,285,99,249,271,115,169,208,286,218,180,65,81,120,202,234,226,240,92,249,271,115,169,208,286,218,180,65,81,120,202,234,226,240,92,138,263,186,144,183,266,111,156,241,217,149,135,235,182,209,170,196,206,285,243,123,168,246,200,142,182,184,195,284,137,78,210,216,108,275,189,209,125,260,282,230,137,159,235,274,194,73,163,216,108,275,189,209,125,260,282,230,137,159,235,274,194,73,163,168,83,138,114,235,242,253,184,147,139,134,116,303,272,253,157,131,1168,169,119,160,156,65,120,1208,231,247,149,283,155,139,250,185,211,131,221,88,176,68,171,161,242,112,201,86,97,164,194,185,211,131,221,88,176,68,171,161,242,112,201,86,97,164,194,161,164,232,239,145,115,132,202,210,290,323,207,174,158,204,96,196,120,230,125,183,307,269,76,184,97,173,140,105,203,130,196,125,151,132,187,265,159,107,231,183,115,133,227,243,265,129,241,125,151,132,187,265,159,107,231,183,115,133,227,243,265,129,241,252,218,204,298,220,188,253,222,92,209,169,84,171,103,213,201,247,236,179,246,156,282,101,105,79,131,108,207,150,116,110,176,206,127,151,199,99,240,140,207,164,189,109,1215,174,189,127,100,206,127,151,199,99,240,140,207,164,189,109,1215,174,189,127,100,245,138,238,237,189,141,180,104,184,176,161,296,276,197,211,110,235,114,155,269,131,172,280,135,133,164,210,133,177,181,222,179,220,151,167,240,105,130,267,94,156,186,108,122,1234,130,194,90,220,151,167,240,105,130,267,94,156,186,108,122,1234,130,194,90,200,250,203,199,222,192,193,216,130,133,197,222,264,268,129,184,110,151,235,115,162,226,216,142,160,241,142,209,263,242,97,237,33170,241,137,153,221,149,144,81,236,115,116,1249,176,140,116,107,33170,241,137,153,221,149,144,81,236,115,116,1249,176,140,116,107,119,173,182,196,174,138,66,215,132,163,153,233,245,247,78,208,182,227,124,91,199,95,124,231,175,196,80,138,81,94,165,77,161,94,122,123,98,76,200,184,194,90,231,167,127,224,88,218,161,94,122,123,98,76,200,184,194,90,231,167,127,224,88,218,121,197,66,208,227,242,80,141,240,80,87,170,1145,158,138,200,68,245,155,220,183,1079,177,223,243,249,216,204,106,131,101,174,171,181,164,214,178,189,149,85,164,218,151,113,73,180,172,121,171,181,164,214,178,189,149,85,164,218,151,113,73,180,172,121,210,209,214,142,209,112,87,188,99,165,196,82,102,66,132,218,152,114,114,155,145,230,82,185,142,204,246,216,64,154,87,231,101,74,233,208,250,187,94,226,222,177,207,144,145,221,179,196,101,74,233,208,250,187,94,226,222,177,207,144,145,221,179,196,103,216,205,236,115,194,75,205,102,192,70,136,190,231,142,99,177,197,139,222,78,136,192,177,66,115,247,120,114,218,208,100,90,82,118,96,134,126,251,73,103,157,251,103,145,129,82,213,90,82,118,96,134,126,251,73,103,157,251,103,145,129,82,213,195,88,150,79,243,111,76,103,150,73,202,1141,233,122,161,241,123,244,158,127,122,91,238,117,208,138,76,182,94,64,93,119,143,177,227,170,67,121,94,242,136,1073,121,133,158,87,65,219,143,177,227,170,67,121,94,242,136,1073,121,133,158,87,65,219,68,240,222,101,121,113,180,63,174,77,171,93,121,227,240,91,250,68,170,228,113,124,70,143,169,131,205,105,208,88,106,248,116,206,201,86,86,145,121,215,125,203,205,1160,79,124,174,104,116,206,201,86,86,145,121,215,125,203,205,1160,79,124,174,104,179,205,160,247,90,178,231,100,214,149,101,108,161,68,140,144,118,69,91,95,221,175,87,234,78,169,177,122,129,149,104,120,161,248,250,67,69,77,126,102,102,111,136,138,1153,84,93,66,161,248,250,67,69,77,126,102,102,111,136,138,1153,84,93,66,79,137,187,109,171,210,127,120,89,169,90,181,223,191,200,220,81,161,201,1160,104,230,240,140,79,159,197,77,64,127,184,91,150,223,204,190,1214,194,234,91,126,96,87,85,136,130,75,151,150,223,204,190,1214,194,234,91,126,96,87,85,136,130,75,151,200,130,191,162,221,75,236,119,93,103,85,226,133,1145,209,178,78,200,176,110,154,62,155,84,216,199,170,223,74,210,153,66,195,124,147,114,147,182,232,247,191,170,118,119,231,118,67,65,195,124,147,114,147,182,232,247,191,170,118,119,231,118,67,65,158,220,154,189,181,219,121,111,62,65,182,97,65,162,108,126,168,247,203,220,149,62,199,198,149,159,177,145,163,75,78,191,136,130,114,114,87,92,232,1095,152,163,94,168,137,83,113,110,136,130,114,114,87,92,232,1095,152,163,94,168,137,83,113,110,223,188,95,134,193,149,222,66,234,182,119,139,242,180,216,211,108,221,134,103,173,224,94,189,101,83,122,224,197,122,101,242,1121,84,254,186,146,218,94,245,165,190,1099,206,192,197,231,171,1121,84,254,186,146,218,94,245,165,190,1099,206,192,197,231,171,106,114,95,162,91,124,244,87,182,221,222,78,1200,193,206,159,220,153,194,188,137,236,87,85,178,75,103,145,187,1250,97,96,229,226,104,236,227,154,234,175,101,171,84,193,221,220,119,229,229,226,104,236,227,154,234,175,101,171,84,193,221,220,119,229,140,244,168,222,138,139,187,212,66,235,136,140,87,169,215,167,170,66,72,205,80,159,144,159,135,99,1194,136,152,182,200,161,220,62,218,140,201,93,134,187,70,238,233,144,99,237,201,230,220,62,218,140,201,93,134,187,70,238,233,144,99,237,201,230,172,234,239,1167,188,131,91,151,72,107,131,85,126,246,197,63,172,210,212,88,248,201,92,244,153,118,228,238,229,210,154,219,88,164,240,208,85,126,124,111,244,108,231,192,122,240,185,120,88,164,240,208,85,126,124,111,244,108,231,192,122,240,185,120,1221,78,195,123,202,151,110,206,162,197,147,188,173,198,103,92,130,222,169,64,72,1138,176,222,198,100,220,147,232,144,246,94,177,167,242,244,69,228,149,171,244,136,209,109,228,72,207,246,177,167,242,244,69,228,149,171,244,136,209,109,228,72,207,246,128,139,215,180,222,164,227,115,246,186,150,1121,251,192,179,215,106,65,146,120,240,138,184,131,131,81,205,194,164,219,249,224,173,174,241,104,89,100,196,218,230,167,108,151,80,183,129,116,173,174,241,104,89,100,196,218,230,167,108,151,80,183,129,116,82,229,143,229,189,146,94,220,164,106,68,83,86,110,216,234,118,235,248,103,194,221,162,211,165,192,127,69,137,172,140,166,158,135,189,227,202,134,130,240,171,179,148,77,93,119,141,195,158,135,189,227,202,134,130,240,171,179,148,77,93,119,141,195,212,137,222,232,104,111,90,247,1149,163,65,142,238,232,174,196,212,137,62,202,215,80,235,138,1170,164,239,133,174,197,120,92,143,217,163,251,114,114,119,127,142,191,173,82,100,210,85,71,143,217,163,251,114,114,119,127,142,191,173,82,100,210,85,71,206,87,155,197,2207,157,108,239,95,241,147,69,195,101,74,237,154,227,196,85,215,139,243,204,232,190,99,139,130,1105,202,120,210,73,1248,70,214,178,129,118,225,168,207,250,207,187,160,91,
111,251,183,232,87,94,233,225,1148,70,160,75,1243,1171,211,129,1243,1171,211,129,214,104,119,125,192,76,169,173,225,115,175,143,225,115,175,143,135,101,220,104,144,242,222,79,91,87,64,94,91,87,64,94,185,1130,103,245,76,237,235,240,163,201,234,197,163,201,234,197,234,244,124,239,231,226,189,144,85,228,95,120,85,228,95,120,250,124,236,228,194,211,93,219,95,218,162,89,95,218,162,89,251,97,231,226,139,174,101,129,164,218,124,223,164,218,124,223,213,242,210,251,164,125,231,214,225,200,130,177,225,200,130,177,222,231,153,179,118,197,134,233,125,196,185,210,125,196,185,210,237,85,66,181,109,168,146,182,154,156,223,157,154,156,223,157,239,222,180,209,145,164,148,153,232,69,147,135,232,69,147,135,95,153,105,149,126,166,198,230,71,225,112,136,
129,75,163,163,197,246,97,75,88,249,195,164,95,149,132,124,95,149,132,124,118,77,210,91,242,227,73,232,84,148,134,250,84,148,134,250,1126,207,225,69,233,67,140,136,119,79,169,127,119,79,169,127,119,93,157,111,105,192,257,227,127,252,220,1159,127,252,220,1159,89,143,180,169,128,236,109,107,130,222,123,151,130,222,123,151,236,123,111,182,71,1109,188,150,87,126,66,207,87,126,66,207,72,217,113,143,169,94,92,68,1213,94,159,139,1213,94,159,139,152,234,86,109,94,198,226,91,78,165,202,236,78,165,202,236,201,212,1202,194,180,157,87,169,101,172,69,137,101,172,69,137,125,157,208,191,220,96,141,178,180,174,239,225,180,174,239,225,147,241,182,92,190,196,192,247,180,169,1213,244,180,169,1213,244,96,63,78,147,176,153,214,168,119,209,243,109,
222,228,207,159,173,94,203,128,134,104,80,218,206,133,189,78,206,133,189,78,1218,118,116,216,71,152,177,99,227,137,150,111,227,137,150,111,218,100,243,145,169,203,130,160,160,123,251,250,160,123,251,250,96,164,89,198,88,189,84,211,102,195,141,212,102,195,141,212,224,224,210,223,114,103,92,79,185,68,126,166,185,68,126,166,1229,163,217,64,223,132,251,220,191,89,248,88,191,89,248,88,151,93,203,74,178,121,110,130,227,169,67,143,227,169,67,143,83,226,104,186,218,216,66,178,217,149,110,82,217,149,110,82,157,101,95,134,2196,161,215,83,151,220,91,63,151,220,91,63,198,164,107,115,101,1175,1145,242,75,185,207,119,75,185,207,119,219,193,71,130,120,249,120,138,148,174,178,196,148,174,178,196,228,145,132,88,115,185,167,212,240,103,185,84,
110,251,295,69,119,247,151,124,188,216,175,1077,109,215,216,159,109,215,216,159,64,1089,64,210,238,230,181,207,162,184,128,164,162,184,128,164,168,272,124,229,193,139,104,220,154,106,185,207,154,106,185,207,228,99,170,265,251,175,243,169,233,145,256,71,233,145,256,71,225,173,167,251,121,152,172,288,132,120,287,134,132,120,287,134,246,151,150,296,195,282,213,255,167,133,222,187,167,133,222,187,123,201,93,179,201,146,184,262,267,161,251,114,267,161,251,114,168,145,204,115,240,196,272,109,212,100,225,151,212,100,225,151,290,107,155,267,311,136,189,195,222,220,154,244,222,220,154,244,231,265,158,193,21285,189,216,73,21155,137,219,201,21155,137,219,201,21269,170,73,101,21143,190,161,97,21108,116,84,151,21108,116,84,151,21244,144,106,227,21138,93,130,105,21106,76,115,118,
158,175,181,135,125,202,143,167,249,245,242,247,132,239,94,157,132,239,94,157,155,177,1113,112,248,265,164,89,71,223,126,98,71,223,126,98,109,103,233,191,122,78,190,161,252,183,184,64,252,183,184,64,226,137,100,148,81,258,163,1217,96,138,110,175,96,138,110,175,143,177,178,126,100,130,112,250,151,275,261,196,151,275,261,196,209,226,115,94,92,140,1098,235,63,194,286,127,63,194,286,127,74,1121,228,187,150,165,113,130,124,276,168,169,124,276,168,169,213,107,215,171,147,242,94,131,209,121,252,155,209,121,252,155,304,198,167,192,275,99,244,92,190,206,172,120,190,206,172,120,176,107,200,131,21128,166,225,189,21123,210,197,68,21123,210,197,68,21172,164,230,95,22133,93,151,99,21201,91,126,104,21201,91,126,104,21105,169,238,227,21107,75,85,124,21256,165,78,179,
121,203,217,159,135,148,93,199,143,192,182,122,216,218,214,186,216,218,214,186,180,182,208,144,70,219,150,209,247,215,184,102,247,215,184,102,206,137,156,239,87,115,224,1204,148,223,185,134,148,223,185,134,79,221,119,208,63,85,128,157,101,158,244,236,101,158,244,236,89,89,111,127,123,84,197,89,234,121,106,100,234,121,106,100,129,268,131,121,206,99,81,242,98,260,249,164,98,260,249,164,208,231,246,123,1093,214,84,124,70,68,119,158,70,68,119,158,234,124,249,153,223,208,116,218,80,99,128,241,80,99,128,241,174,129,129,121,217,203,218,122,196,164,187,69,196,164,187,69,234,124,211,224,237,85,151,77,249,186,195,175,249,186,195,175,129,236,219,248,79,99,178,143,157,201,152,205,157,201,152,205,249,158,75,226,152,168,170,241,156,202,197,220,
165,222,229,183,1124,132,133,259,152,242,134,242,180,87,263,107,180,87,263,107,152,139,265,120,259,150,184,99,140,195,246,133,140,195,246,133,239,204,152,168,218,214,263,221,136,98,135,184,136,98,135,184,158,95,150,157,136,254,90,176,119,71,189,154,119,71,189,154,83,148,92,259,187,1170,211,188,219,129,121,200,219,129,121,200,120,200,253,225,90,204,100,223,73,262,244,231,73,262,244,231,170,229,161,200,94,158,115,187,232,214,231,200,232,214,231,200,237,196,285,226,110,213,226,161,132,203,244,132,132,203,244,132,226,162,230,143,127,100,118,228,174,252,220,171,174,252,220,171,180,104,180,149,297,208,84,242,201,175,201,106,201,175,201,106,227,155,228,247,105,131,211,284,271,176,276,171,271,176,276,171,250,318,125,309,259,234,208,223,92,252,238,21218,
201,118,125,167,173,186,192,108,194,148,212,105,263,193,235,143,263,193,235,143,213,201,114,97,230,150,78,247,243,272,236,171,243,272,236,171,119,196,220,76,205,137,292,126,86,186,140,150,86,186,140,150,102,102,108,190,220,87,257,124,174,176,75,236,174,176,75,236,200,124,106,117,229,216,139,221,154,165,203,192,154,165,203,192,89,79,107,257,167,196,181,90,130,117,242,143,130,117,242,143,212,219,253,73,133,266,147,1112,154,105,63,96,154,105,63,96,288,189,251,180,96,118,225,142,146,162,130,83,146,162,130,83,251,234,225,82,117,150,111,152,193,102,166,130,193,102,166,130,217,137,130,133,230,98,252,1246,243,86,212,92,243,86,212,92,235,232,238,190,189,213,260,167,189,143,212,65,189,143,212,65,221,262,211,193,82,248,132,127,242,226,190,219,
179,239,155,288,237,243,133,174,190,131,196,110,185,173,200,218,185,173,200,218,163,246,256,252,194,92,209,171,252,222,191,1091,252,222,191,1091,76,124,135,71,208,139,245,272,64,101,226,86,64,101,226,86,140,72,123,178,142,246,226,188,231,136,128,234,231,136,128,234,219,251,261,227,239,152,173,242,165,165,252,141,165,165,252,141,103,249,212,105,120,150,96,233,96,221,122,222,96,221,122,222,1251,199,78,139,72,93,87,276,77,160,128,209,77,160,128,209,257,237,92,245,251,194,72,247,259,164,94,101,259,164,94,101,105,179,131,112,240,80,128,230,105,278,92,167,105,278,92,167,103,113,122,76,206,132,84,1069,214,162,250,131,214,162,250,131,90,222,178,128,201,238,182,243,205,115,138,198,205,115,138,198,159,212,160,252,159,99,142,212,117,225,165,231,
187,149,187,223,175,155,93,203,119,92,70,230,68,215,8262,267,68,215,8262,267,75,161,132,200,172,8190,173,263,265,168,139,84,265,168,139,84,8166,84,232,171,221,177,66,8217,238,159,169,210,238,159,169,210,105,132,8205,224,187,70,218,230,94,8088,246,226,94,8088,246,226,164,190,171,77,8182,189,181,205,157,154,140,8105,157,154,140,8105,242,185,166,201,212,248,8251,130,198,251,131,183,198,251,131,183,117,8152,206,250,134,169,241,239,8216,198,117,111,8216,198,117,111,118,200,203,8176,162,217,167,128,236,66,8183,204,236,66,8183,204,126,104,229,183,185,8113,173,191,108,176,226,79,108,176,226,79,8085,195,258,83,260,175,150,8196,159,221,102,191,159,221,102,191,189,168,8122,152,148,202,149,213,197,9256,241,224,197,9256,241,224,135,82,201,105,8184,259,216,149,132,143,233,8083,
161,90,226,112,210,98,231,87,243,99,124,235,74,201,234,80,156,257,188,133,182,122,189,247,125,236,156,169,129,101,147,160,74,105,169,166,223,173,209,141,1241,115,191,160,233,125,171,237,193,185,208,189,1231,206,224,243,225,190,87,66,106,191,113,95,193,185,208,189,1231,206,224,243,225,190,87,66,106,191,113,95,199,72,168,260,86,220,263,217,188,245,182,113,222,125,150,269,139,116,246,106,114,181,99,175,104,220,198,103,141,237,82,202,98,213,177,77,269,170,218,139,162,217,209,202,195,254,240,168,98,213,177,77,269,170,218,139,162,217,209,202,195,254,240,168,202,248,212,189,128,76,135,168,239,115,79,192,200,181,226,196,122,249,225,155,127,85,65,105,246,94,118,67,211,158,64,191,233,138,122,86,219,169,163,195,141,119,107,159,236,146,185,120,233,138,122,86,219,169,163,195,141,119,107,159,236,146,185,120,222,241,186,133,171,142,231,142,74,217,237,217,65,109,250,161,109,194,88,237,120,86,71,249,179,100,138,63,197,230,206,246,215,170,105,157,209,231,159,212,153,102,265,208,287,88,1113,121,215,170,105,157,209,231,159,212,153,102,265,208,287,88,1113,121,143,223,164,213,107,239,187,138,131,141,240,107,13223,129,107,92,130,142,270,209,165,130,260,124,197,198,114,127,79,237,95,106,123,1242,1213,214,93,93,221,76,223,198,200,193,126,194,102,134,123,1242,1213,214,93,93,221,76,223,198,200,193,126,194,102,134,119,228,174,112,120,223,152,178,209,214,216,216,136,98,91,229,135,74,186,179,225,84,214,136,113,208,151,126,158,197,76,201,110,83,176,104,200,171,200,100,169,85,93,142,105,236,137,106,110,83,176,104,200,171,200,100,169,85,93,142,105,236,137,106,262,87,128,229,195,265,219,215,92,223,262,103,78,206,68,68,159,224,200,144,72,110,110,135,113,122,13159,259,156,150,245,252,119,194,133,113,256,130,145,154,132,192,138,128,142,100,127,144,119,194,133,113,256,130,145,154,132,192,138,128,142,100,127,144,99,94,247,162,243,129,102,84,193,269,222,150,110,196,161,177,201,134,155,100,206,142,237,271,135,152,212,90,86,206,169,69,248,89,193,98,160,237,251,147,274,216,254,99,197,149,153,246,248,89,193,98,160,237,251,147,274,216,254,99,197,149,153,246,71,138,150,192,174,72,71,200,163,177,236,224,215,185,126,99,161,173,75,80,180,121,225,113,103,239,237,216,230,180,178,69,168,98,181,190,127,123,171,255,13217,146,204,174,145,252,135,249,168,98,181,190,127,123,171,255,13217,146,204,174,145,252,135,249,146,175,204,201,211,108,92,202,230,228,180,221,81,157,175,241,145,81,145,185,76,227,119,250,98,214,191,184,180,122,199,117,222,223,77,258,102,178,94,257,166,249,99,67,194,62,88,111,222,223,77,258,102,178,94,257,166,249,99,67,194,62,88,111,215,247,168,216,196,140,242,211,233,89,195,150,210,73,180,134,178,186,184,1229,182,252,130,247,179,134,201,234,240,154,216,109,89,224,146,237,137,149,103,119,76,191,217,105,241,104,129,87,89,224,146,237,137,149,103,119,76,191,217,105,241,104,129,87,76,129,1226,158,69,185,13266,191,169,223,106,184,110,198,231,158,140,136,207,192,1241,143,217,154,123,145,193,258,231,172,122,219,110,217,185,83,144,242,190,227,235,97,147,230,252,213,233,182,110,217,185,83,144,242,190,227,235,97,147,230,252,213,233,182,129,249,146,235,122,87,231,244,250,141,127,172,254,169,93,100,212,147,127,113,185,181,202,99,113,131,128,213,89,128,93,192,208,162,172,146,133,140,178,183,148,262,91,130,97,93,202,177,208,162,172,146,133,140,178,183,148,262,91,130,97,93,202,177,85,313,237,204,250,133,161,1090,135,85,246,140,174,153,169,88,67,170,131,186,13274,221,259,218,299,171,253,118,138,159,264,250,106,192,74,1114,72,161,126,182,1111,156,133,188,111,176,216,224,106,192,74,1114,72,161,126,182,1111,156,133,188,111,176,216,224,162,161,258,94,160,85,238,93,204,238,186,241,118,88,182,180,181,126,179,169,172,160,116,139,180,117,132,168,148,203,144,121,119,213,161,90,221,222,117,163,115,147,241,224,205,92,213,128,119,213,161,90,221,222,117,163,115,147,241,224,205,92,213,128,213,110,139,238,64,75,99,86,81,244,110,114,204,158,250,224,127,179,66,95,81,232,177,219,89,71,235,124,225,70,141,218,228,125,13272,194,199,90,182,206,256,232,208,253,174,114,261,255,228,125,13272,194,199,90,182,206,256,232,208,253,174,114,261,255,1196,148,81,85,207,271,242,208,86,191,162,111,109,272,126,205,136,109,90,132,152,75,176,214,1235,149,207,242,118,214,127,113,150,1165,211,104,247,151,191,131,116,109,115,123,150,92,1215,85,150,1165,211,104,247,151,191,131,116,109,115,123,150,92,1215,85,110,214,240,256,198,189,183,121,183,206,153,190,77,186,116,90,140,187,119,202,117,213,170,196,149,125,184,111,114,88,245,137,104,73,229,175,203,75,134,78,206,168,136,1250,99,136,150,115,104,73,229,175,203,75,134,78,206,168,136,1250,99,136,150,115,13208,143,141,218,142,243,212,228,289,167,153,275,191,148,210,185,1257,214,208,144,227,86,171,167,190,225,1239,125,88,150,235,90,64,132,205,100,163,186,170,103,81,149,209,131,113,266,112,189,64,132,205,100,163,186,170,103,81,149,209,131,113,266,112,189,120,89,205,81,189,103,118,119,196,105,1172,206,142,217,148,95,107,210,138,141,199,136,248,98,134,123,127,140,250,117,203,187,78,86,163,121,230,218,110,235,186,196,124,169,83,162,71,166,78,86,163,121,230,218,110,235,186,196,124,169,83,162,71,166,1179,168,208,228,1239,155,118,80,214,126,193,189,126,119,13248,217,241,258,256,196,188,275,122,202,152,144,175,160,117,134,169,201,140,218,80,161,1157,101,260,155,71,237,106,205,1220,238,109,133,140,218,80,161,1157,101,260,155,71,237,106,205,1220,238,109,133,233,229,211,87,234,119,88,133,129,175,238,141,217,182,158,128,176,178,156,69,224,175,171,88,181,1131,159,89,66,118,71,226,149,117,148,186,130,120,103,167,188,112,180,81,111,113,158,179,149,117,148,186,130,120,103,167,188,112,180,81,111,113,158,179,95,224,84,173,116,112,212,166,132,176,160,184,124,159,177,204,71,112,109,152,245,246,71,149,159,177,235,96,13140,292,253,250,167,260,123,238,159,226,136,198,159,237,235,209,135,135,202,193,167,260,123,238,159,226,136,198,159,237,235,209,135,135,202,193,72,78,177,209,136,158,163,196,242,127,237,63,115,154,208,206,138,196,206,195,101,230,126,226,200,163,133,254,113,185,78,86,133,184,199,101,214,214,235,195,177,198,77,136,128,113,114,158,133,184,199,101,214,214,235,195,177,198,77,136,128,113,114,158,1194,143,81,207,221,67,1244,274,64,128,115,165,74,181,167,141,235,171,1081,88,149,96,245,153,85,131,76,151,204,206,221,176,1127,179,214,72,66,85,237,132,179,156,13198,1139,252,131,234,230,1127,179,214,72,66,85,237,132,179,156,13198,1139,252,131,234,230,173,222,250,155,245,195,143,151,190,110,98,80,103,127,99,258,230,166,130,119,195,248,74,162,151,124,163,153,176,110,180,188,253,155,239,135,87,159,244,167,213,190,232,227,208,85,91,164,253,155,239,135,87,159,244,167,213,190,232,227,208,85,91,164,118,210,196,155,180,120,1228,189,192,145,105,105,133,207,201,162,247,212,239,167,180,69,205,153,110,123,91,184,144,210,162,120,129,136,234,169,167,103,125,247,131,109,78,99,147,67,131,195,129,136,234,169,167,103,125,247,131,109,78,99,147,67,131,195,102,113,249,252,186,95,102,144,13164,190,178,267,254,194,142,228,122,157,159,101,279,231,136,256,237,230,64,64,65,214,213,211,187,120,136,82,257,102,248,244,155,201,224,279,136,109,236,195,187,120,136,82,257,102,248,244,155,201,224,279,136,109,236,195,199,209,113,123,224,110,190,238,179,148,85,252,205,102,120,220,161,206,241,177,157,180,142,175,112,210,166,233,171,148,86,239,129,169,172,81,76,234,124,178,223,116,212,112,183,142,169,80,129,169,172,81,76,234,124,178,223,116,212,112,183,142,169,80,115,80,180,228,108,67,223,174,185,140,195,105,170,166,153,109,93,223,179,155,111,67,13126,140,226,210,153,242,137,237,214,80,207,255,212,227,253,171,183,163,240,145,90,219,241,169,116,159,207,255,212,227,253,171,183,163,240,145,90,219,241,169,116,159,235,1246,238,203,243,237,162,223,237,122,148,125,227,80,190,67,142,250,118,220,100,204,222,71,223,247,188,123,127,225,115,102,206,180,224,188,208,120,203,126,229,132,188,199,156,77,203,236,206,180,224,188,208,120,203,126,229,132,188,199,156,77,203,236,168,134,180,233,105,241,117,253,100,126,143,248,179,178,207,162,185,201,195,209,157,186,160,155,1105,90,167,199,147,234,180,86,149,152,203,140,13082,186,187,251,134,197,147,112,209,150,171,224,149,152,203,140,13082,186,187,251,134,197,147,112,209,150,171,224,252,104,253,166,78,245,123,125,151,84,244,155,227,156,94,83,252,188,266,69,84,78,82,223,253,175,155,163,226,225,199,87,84,178,107,194,213,70,190,187,75,69,115,133,150,126,162,181,84,178,107,194,213,70,190,187,75,69,115,133,150,126,162,181,159,156,190,243,217,120,98,126,1147,113,209,158,227,160,101,251,109,179,242,160,226,98,264,96,193,233,89,147,105,209,215,224,92,72,177,251,136,140,170,127,192,211,197,1102,163,184,165,194,92,72,177,251,136,140,170,127,192,211,197,1102,163,184,165,194,198,179,13096,270,206,113,75,183,282,187,180,121,189,217,291,204,128,106,141,64,173,117,68,144,111,118,247,68,68,166,89,241,149,193,159,130,62,221,129,1201,120,64,193,210,117,99,88,239,149,193,159,130,62,221,129,1201,120,64,193,210,117,99,88,239,197,77,258,149,135,155,84,146,121,139,162,200,125,234,249,212,234,264,233,97,157,177,145,131,216,178,237,65,134,179,63,168,163,208,89,235,259,169,196,217,143,153,129,1139,151,195,217,134,163,208,89,235,259,169,196,217,143,153,129,1139,151,195,217,134,109,234,90,116,168,169,202,208,191,72,245,145,202,148,213,175,13247,138,178,145,221,134,150,145,172,189,196,184,243,235,154,1165,108,251,194,120,108,100,150,146,241,185,255,178,211,265,268,162,108,251,194,120,108,100,150,146,241,185,255,178,211,265,268,162,233,188,180,89,79,83,108,136,159,240,233,244,169,229,130,176,205,227,119,248,119,211,220,169,95,121,186,172,194,162,120,180,235,148,204,161,192,106,1212,243,194,148,201,163,88,146,167,235,235,148,204,161,192,106,1212,243,194,148,201,163,88,146,167,235,206,255,81,101,222,248,255,127,141,104,182,92,132,219,171,178,151,146,192,193,172,151,161,1224,204,224,134,193,149,159,13165,112,169,107,255,114,214,268,147,266,224,236,1210,96,130,188,144,184,169,107,255,114,214,268,147,266,224,236,1210,96,130,188,144,184,123,93,236,80,65,141,208,225,197,238,191,194,254,99,114,242,217,66,100,239,212,127,247,193,73,114,188,118,1253,180,166,75,84,151,148,215,219,178,164,70,87,195,100,97,147,233,152,246,84,151,148,215,219,178,164,70,87,195,100,97,147,233,152,246,1218,240,92,105,254,136,227,114,246,119,186,188,81,202,277,205,1204,106,182,134,80,140,70,225,238,142,74,146,185,99,246,208,130,242,150,212,101,209,222,121,166,239,148,144,13231,92,167,215,130,242,150,212,101,209,222,121,166,239,148,144,13231,92,167,215,130,141,135,254,231,141,150,192,123,152,113,1185,69,158,142,210,156,239,201,129,200,67,1233,130,166,228,197,229,80,137,151,206,168,127,92,174,128,214,243,179,80,67,251,104,142,248,85,103,168,127,92,174,128,214,243,179,80,67,251,104,142,248,85,103,106,149,215,192,177,100,79,186,236,93,140,189,146,107,1112,179,70,244,63,109,111,202,169,252,224,155,192,150,199,106,139,109,87,209,98,156,244,121,107,244,196,190,85,80,183,151,201,96,87,209,98,156,244,121,107,244,196,190,85,80,183,151,201,96,124,129,86,83,208,227,262,80,219,97,13262,234,277,283,265,160,205,179,171,223,173,199,105,145,157,137,106,164,246,148,224,83,184,166,135,239,233,206,97,224,232,185,208,218,131,205,129,214,184,166,135,239,233,206,97,224,232,185,208,218,131,205,129,214,181,119,202,179,85,223,125,195,88,232,241,204,167,211,137,135,142,181,125,98,164,170,162,108,141,1200,96,240,216,117,99,190,73,158,166,123,245,82,168,262,90,188,182,1251,162,194,1245,194,73,158,166,123,245,82,168,262,90,188,182,1251,162,194,1245,194,113,69,222,220,166,219,238,193,222,111,185,154,241,81,204,197,211,157,170,119,148,221,87,206,13231,223,224,70,130,216,140,200,216,141,204,1144,174,129,211,228,188,107,137,110,91,279,188,153,216,141,204,1144,174,129,211,228,188,107,137,110,91,279,188,153,248,63,110,193,133,232,102,241,245,140,244,80,228,195,198,187,123,123,106,234,95,201,230,97,127,206,147,82,208,172,93,264,212,265,243,91,69,97,200,69,168,79,154,164,145,140,66,78,212,265,243,91,69,97,200,69,168,79,154,164,145,140,66,78,190,245,137,129,107,203,64,179,167,120,182,84,73,98,262,166,130,199,224,76,131,252,79,143,80,215,103,206,251,207,62,148,196,147,241,87,98,13172,196,247,160,216,207,98,133,270,123,132,
206,110,67,100,146,165,214,68,125,244,73,122,68,130,65,210,96,127,188,243,159,183,171,151,151,83,72,225,228,220,203,125,237,127,169,72,264,271,165,229,241,272,219,245,265,165,93,189,140,241,239,108,245,143,169,140,87,162,111,1176,255,105,1174,140,140,241,239,108,245,143,169,140,87,162,111,1176,255,105,1174,140,211,78,248,247,180,206,99,154,229,187,132,148,229,93,239,288,208,119,209,129,131,136,197,234,170,98,230,243,243,149,202,131,101,194,209,101,255,244,117,202,197,63,208,204,197,174,202,98,101,194,209,101,255,244,117,202,197,63,208,204,197,174,202,98,104,216,124,241,158,224,109,168,225,202,214,208,191,121,180,163,214,126,119,183,139,112,133,206,167,168,173,291,229,170,183,269,187,183,211,240,119,186,224,145,253,282,124,307,118,253,140,132,187,183,211,240,119,186,224,145,253,282,124,307,118,253,140,132,129,123,90,163,112,225,230,250,122,212,199,180,135,235,267,266,221,243,128,147,141,258,105,268,174,143,253,116,141,221,251,118,105,137,177,1231,103,149,182,226,98,103,197,250,166,155,149,154,105,137,177,1231,103,149,182,226,98,103,197,250,166,155,149,154,1143,103,218,218,240,144,97,108,87,108,249,227,250,130,94,233,218,97,142,81,132,239,220,144,249,237,229,87,237,225,63,97,80,64,68,127,210,211,132,167,161,159,179,113,171,230,110,127,80,64,68,127,210,211,132,167,161,159,179,113,171,230,110,127,246,185,179,114,250,251,105,244,256,106,165,272,249,217,157,188,269,1181,234,171,273,67,114,232,168,136,237,169,134,89,255,93,201,95,109,92,84,87,222,1183,136,245,200,128,219,226,170,168,201,95,109,92,84,87,222,1183,136,245,200,128,219,226,170,168,149,186,224,117,250,222,216,247,245,161,89,212,118,199,126,245,81,111,97,124,167,237,90,188,107,98,209,1147,163,152,151,146,232,220,208,249,94,231,147,93,141,228,200,245,190,109,107,138,232,220,208,249,94,231,147,93,141,228,200,245,190,109,107,138,72,105,228,267,155,103,93,300,143,172,128,228,186,233,158,247,254,173,230,186,262,225,185,230,105,178,217,120,184,153,215,190,168,260,176,164,1069,111,239,121,211,225,250,154,208,227,116,142,168,260,176,164,1069,111,239,121,211,225,250,154,208,227,116,142,204,252,80,223,195,145,231,239,206,232,168,98,189,188,181,223,73,212,111,188,190,159,234,192,143,167,117,238,98,138,164,238,122,228,170,83,228,130,99,70,1176,73,202,226,117,191,170,193,122,228,170,83,228,130,99,70,1176,73,202,226,117,191,170,193,228,209,98,163,154,131,76,240,126,1070,181,74,200,229,151,147,296,169,183,300,220,220,181,201,147,159,183,192,146,84,94,107,236,105,115,266,112,142,91,131,240,98,138,101,129,275,144,215,236,105,115,266,112,142,91,131,240,98,138,101,129,275,144,215,104,224,222,245,111,211,277,205,137,104,117,104,135,133,74,180,181,230,84,206,216,141,210,131,242,265,198,207,122,97,247,216,184,112,246,215,109,217,181,199,1087,243,119,102,176,94,237,157,184,112,246,215,109,217,181,199,1087,243,119,102,176,94,237,157,80,81,129,68,144,214,1084,234,178,204,150,248,249,154,81,129,182,116,101,213,104,154,192,217,78,168,94,69,249,258,153,225,215,280,146,205,231,242,238,214,179,119,107,254,162,97,179,267,215,280,146,205,231,242,238,214,179,119,107,254,162,97,179,267,242,118,276,148,231,108,126,136,117,174,231,1184,135,91,67,183,279,239,223,306,212,138,231,267,205,126,168,219,169,211,213,96,125,92,156,245,90,197,213,129,212,258,135,249,163,148,266,68,125,92,156,245,90,197,213,129,212,258,135,249,163,148,266,68,125,245,172,228,148,194,235,202,106,142,162,168,208,66,152,134,129,120,138,208,1236,1100,209,130,246,202,140,235,153,95,166,147,213,127,218,165,219,246,199,173,93,243,1256,260,221,171,141,114,213,127,218,165,219,246,199,173,93,243,1256,260,221,171,141,114,207,205,113,150,274,260,177,197,241,153,118,208,252,142,145,133,237,197,247,227,182,256,91,112,191,111,90,243,229,238,176,207,228,216,145,186,224,74,144,237,250,215,235,251,101,262,213,209,228,216,145,186,224,74,144,237,250,215,235,251,101,262,213,209,1159,184,241,212,72,188,176,117,190,163,214,159,143,217,69,161,239,91,221,180,196,86,97,162,155,119,233,183,1128,98,176,154,128,240,1213,207,1189,238,120,210,77,113,146,116,156,80,208,250,128,240,1213,207,1189,238,120,210,77,113,146,116,156,80,208,250,202,82,176,83,193,191,151,162,239,101,179,128,245,126,176,87,162,266,111,187,147,173,131,234,108,249,273,111,198,197,144,79,190,208,188,84,196,265,209,207,200,288,161,285,231,191,197,272,190,208,188,84,196,265,209,207,200,288,161,285,231,191,197,272,196,185,194,146,99,196,92,185,276,93,140,228,239,247,138,116,155,123,95,163,156,183,67,249,139,90,1137,172,202,102,123,229,106,174,110,1077,104,240,251,166,81,179,135,168,166,195,100,98,106,174,110,1077,104,240,251,166,81,179,135,168,166,195,100,98,1070,237,120,116,73,205,1246,137,66,233,75,62,110,215,206,197,235,180,213,104,207,202,259,166,279,146,247,162,243,185,91,253,209,164,234,198,94,209,79,267,255,100,195,192,136,272,132,84,209,164,234,198,94,209,79,267,255,100,195,192,136,272,132,84,240,174,209,204,259,115,168,204,248,156,225,259,178,102,263,243,91,141,227,124,109,160,1221,102,138,239,165,126,216,150,97,1242,156,186,160,179,105,144,162,132,245,262,231,182,166,129,197,70,156,186,160,179,105,144,162,132,245,262,231,182,166,129,197,70,94,145,222,93,247,128,70,106,145,76,199,231,135,190,1100,123,154,157,117,70,142,229,171,78,217,121,147,85,126,73,94,175,222,188,177,129,262,215,75,193,160,78,181,158,264,241,280,141,222,188,177,129,262,215,75,193,160,78,181,158,264,241,280,141,68,271,81,273,231,198,274,174,141,132,161,262,105,264,141,131,175,176,175,133,231,165,248,183,123,102,225,266,228,169,250,141,192,157,211,258,256,245,212,265,235,78,160,230,174,129,124,254,192,157,211,258,256,245,212,265,235,78,160,230,174,129,124,254,124,165,1108,145,112,176,120,198,100,230,87,162,181,157,191,223,1178,167,124,196,95,253,177,187,247,195,225,185,1189,172,103,143,149,185,214,137,179,1096,75,81,226,202,134,139,203,159,209,139,149,185,214,137,179,1096,75,81,226,202,134,139,203,159,209,139,242,143,265,241,163,160,178,253,201,163,211,166,259,199,272,75,199,234,241,144,195,120,207,88,146,74,259,259,176,207,275,120,78,120,150,290,259,253,168,209,148,245,237,251,185,78,273,205,78,120,150,290,259,253,168,209,148,245,237,251,185,78,273,205,112,137,238,226,107,177,235,185,261,178,156,145,207,244,104,121,149,197,94,213,147,226,210,187,92,232,210,111,124,270,144,94,210,159,84,71,139,167,65,217,102,151,1137,87,176,75,222,143,210,159,84,71,139,167,65,217,102,151,1137,87,176,75,222,143,76,218,183,88,233,222,167,173,188,105,217,144,210,262,204,217,253,212,269,285,116,102,237,216,142,159,212,91,192,270,156,208,185,233,243,249,289,158,223,88,264,125,117,157,228,237,264,154,185,233,243,249,289,158,223,88,264,125,117,157,228,237,264,154,148,100,163,238,171,132,262,79,113,253,132,175,220,179,128,121,215,116,135,1208,272,77,193,210,179,145,223,194,253,202,256,153,249,123,254,173,273,120,191,66,184,114,104,157,104,111,218,127,249,123,254,173,273,120,191,66,184,114,104,157,104,111,218,127,166,245,212,113,167,244,111,153,1113,191,208,131,204,140,68,73,174,151,170,98,203,221,152,190,246,156,65,73,159,133,230,188,228,88,134,251,180,228,217,212,287,114,195,241,171,297,133,128,228,88,134,251,180,228,217,212,287,114,195,241,171,297,133,128,110,137,240,153,265,219,118,145,208,254,268,225,150,204,234,137,110,119,99,135,148,164,253,90,262,214,133,154,126,109,209,244,165,239,233,237,173,192,211,293,234,145,1238,230,101,221,245,86,165,239,233,237,173,192,211,293,234,145,1238,230,101,221,245,86,171,139,209,155,236,74,254,101,236,183,228,192,90,84,88,193,145,111,155,1249,81,188,1165,105,183,200,89,220,79,211,250,198,127,177,153,193,160,86,89,88,218,75,260,106,267,153,235,170,127,177,153,193,160,86,89,88,218,75,260,106,267,153,235,170,181,215,281,208,198,274,188,141,174,241,193,195,265,197,131,154,106,156,122,148,218,269,153,98,204,206,215,187,83,105,201,75,153,181,305,203,233,248,225,124,239,145,198,107,231,129,151,265,153,181,305,203,233,248,225,124,239,145,198,107,231,129,151,265,135,192,253,141,225,190,257,247,110,133,108,104,103,158,96,173,181,109,166,100,232,138,176,137,203,231,107,170,112,226,76,68,107,183,127,168,1140,145,147,211,144,110,174,188,81,231,101,223,107,183,127,168,1140,145,147,211,144,110,174,188,81,231,101,223,92,67,161,171,216,118,105,164,235,1233,94,131,220,88,195,132,83,254,232,217,114,124,201,1188,272,194,170,103,154,145,173,248,94,170,122,85,199,247,113,241,241,167,103,280,218,149,178,259,94,170,122,85,199,247,113,241,241,167,103,280,218,149,178,259,170,194,241,220,176,192,178,137,1223,204,79,75,103,201,141,150,117,226,259,198,93,175,180,246,184,154,66,179,195,119,209,153,235,142,188,235,102,95,242,172,133,128,91,119,223,113,190,76,235,142,188,235,102,95,242,172,133,128,91,119,223,113,190,76,173,124,1225,166,143,172,1239,200,215,192,96,153,172,125,158,105,148,120,209,229,237,245,208,176,195,270,202,198,228,137,133,221,118,223,203,267,199,146,148,246,292,139,109,175,221,163,206,205,118,223,203,267,199,146,148,246,292,139,109,175,221,163,206,205,147,214,129,104,106,112,209,156,239,248,87,117,218,231,249,185,269,260,237,154,165,274,235,158,180,152,138,110,226,108,106,1116,168,87,140,112,239,185,125,131,237,91,215,176,78,216,179,135,168,87,140,112,239,185,125,131,237,91,215,176,78,216,179,135,165,244,210,1083,192,227,212,68,197,167,113,228,135,198,139,94,1231,105,226,130,196,62,152,99,206,104,203,115,212,237,245,136,190,64,72,205,238,246,176,194,62,81,222,143,192,256,201,95,190,64,72,205,238,246,176,194,62,81,222,143,192,256,201,95,158,242,103,97,147,272,110,224,161,135,156,167,176,117,1114,135,244,189,187,153,236,131,116,237,247,187,166,161,126,171,144,114,201,160,81,111,173,187,127,227,159,124,179,250,265,234,83,237,201,160,81,111,173,187,127,227,159,124,179,250,265,234,83,237,259,98,162,106,94,113,105,227,146,72,174,147,106,253,238,216,86,155,136,153,115,93,201,67,213,180,149,177,87,80,1237,166,227,248,148,246,143,109,185,174,237,237,68,199,201,124,131,154,227,248,148,246,143,109,185,174,237,237,68,199,201,124,131,154,85,234,1286,159,186,239,98,222,85,246,202,292,224,1234,70,86,167,176,234,188,233,1136,147,122,173,102,191,251,164,1259,239,279,140,182,164,117,161,109,191,258,143,150,201,177,129,271,265,286,140,182,164,117,161,109,191,258,143,150,201,177,129,271,265,286,69,144,193,253,254,162,102,234,169,191,181,74,243,217,180,107,142,1065,208,164,83,90,83,190,200,206,238,116,200,137,182,141,212,158,165,128,240,211,140,185,188,238,240,68,4237,133,259,174,212,158,165,128,240,211,140,185,188,238,240,68,4237,133,259,174,252,247,172,189,140,237,220,196,285,139,126,102,149,249,116,130,148,193,249,171,166,114,135,108,241,232,223,238,223,99,255,148,118,154,145,165,270,155,221,118,174,153,243,223,102,120,165,145,118,154,145,165,270,155,221,118,174,153,243,223,102,120,165,145,233,264,139,263,185,107,182,111,81,218,135,164,1192,199,199,158,205,87,153,104,309,1236,274,64,164,156,122,213,108,151,163,153,207,132,140,74,162,235,143,156,199,156,166,117,105,186,146,119,207,132,140,74,162,235,143,156,199,156,166,117,105,186,146,119,70,187,101,127,110,212,246,190,101,246,4162,131,152,100,188,69,262,110,202,238,132,256,219,120,261,238,245,114,125,152,235,147,245,173,162,139,90,232,243,96,270,138,221,129,254,75,188,181,245,173,162,139,90,232,243,96,270,138,221,129,254,75,188,181,143,146,146,70,124,259,137,151,225,208,99,99,160,226,155,112,110,172,188,160,269,252,245,86,119,276,192,234,147,100,248,267,118,199,267,181,136,177,238,142,122,101,170,88,104,74,177,203,118,199,267,181,136,177,238,142,122,101,170,88,104,74,177,203,178,133,151,185,151,220,127,120,183,122,88,103,164,179,196,184,117,226,148,242,198,205,70,119,4092,290,123,90,192,237,169,114,162,153,284,142,106,91,239,229,122,196,240,123,307,199,110,239,162,153,284,142,106,91,239,229,122,196,240,123,307,199,110,239,207,165,172,249,192,151,104,233,127,198,233,165,139,236,127,173,247,224,178,115,144,123,115,142,136,232,248,197,207,203,149,236,124,164,153,122,107,138,216,146,205,204,139,151,136,163,111,64,124,164,153,122,107,138,216,146,205,204,139,151,136,163,111,64,172,173,127,239,197,117,162,95,233,123,205,249,225,132,211,161,124,194,158,205,194,180,221,235,1078,79,174,157,72,110,79,67,134,228,139,242,150,4107,243,151,127,140,171,169,94,194,241,222,
75,171,213,128,210,154,249,199,252,212,154,197,158,186,144,243,158,186,144,243,15118,127,95,136,143,89,229,188,15264,210,193,227,15264,210,193,227,74,165,131,15217,223,137,178,229,176,162,15219,188,176,162,15219,188,172,106,78,183,66,15205,151,217,194,232,124,157,194,232,124,157,15291,226,148,124,256,136,84,15163,133,86,97,254,133,86,97,254,120,193,15246,138,134,235,248,213,109,15272,186,1122,109,15272,186,1122,87,130,82,233,15120,124,1157,66,206,157,108,15210,206,157,108,15210,194,192,157,163,111,109,15166,164,225,82,188,77,225,82,188,77,233,15269,201,96,221,267,200,208,15182,256,251,188,15182,256,251,188,206,134,158,15279,219,158,224,79,199,75,15254,204,199,75,15254,204,156,119,194,203,139,15211,195,77,241,191,90,110,241,191,90,110,15162,270,89,127,151,217,210,15154,179,155,173,93,
244,1250,157,143,228,100,107,188,169,83,232,76,99,247,70,99,99,247,70,99,88,225,126,239,199,221,190,79,207,103,112,148,207,103,112,148,191,66,226,129,218,117,184,182,214,180,196,141,214,180,196,141,102,167,143,196,205,88,147,121,145,191,164,214,145,191,164,214,72,151,198,95,103,274,249,233,128,87,137,198,128,87,137,198,82,102,139,241,153,180,127,201,215,118,202,230,215,118,202,230,243,234,144,103,207,64,1123,63,196,122,229,173,196,122,229,173,114,73,96,113,101,141,1084,233,94,177,215,107,94,177,215,107,64,131,191,193,155,214,69,167,242,184,172,159,242,184,172,159,121,75,118,217,254,230,90,187,109,84,247,84,109,84,247,84,150,112,175,67,114,140,101,213,171,250,151,190,171,250,151,190,196,93,218,210,70,244,129,227,62,209,160,232,
134,234,155,243,76,1136,206,76,64,133,73,68,121,194,165,1163,121,194,165,1163,94,178,175,168,108,174,238,123,6242,202,113,207,6242,202,113,207,131,127,235,159,6153,81,1180,119,69,140,214,201,69,140,214,201,6148,130,126,204,241,80,167,108,6241,203,155,210,6241,203,155,210,79,73,195,198,6113,205,167,227,209,109,68,242,209,109,68,242,6096,247,108,102,178,192,182,85,6091,88,122,67,6091,88,122,67,147,169,190,130,6179,68,75,236,172,172,226,100,172,172,226,100,6258,105,161,92,220,76,170,147,6173,198,64,216,6173,198,64,216,156,167,112,190,6249,205,99,123,201,168,177,163,201,168,177,163,6251,193,120,222,158,115,84,176,6154,81,73,202,6154,81,73,202,82,98,187,130,6134,111,112,162,143,201,185,199,143,201,185,199,6177,105,157,196,92,158,191,6150,129,80,202,109,
70,259,190,98,225,185,72,234,99,202,216,188,192,96,155,160,192,96,155,160,75,155,195,240,111,243,98,71,225,78,109,160,225,78,109,160,224,138,181,71,75,69,101,100,189,178,118,174,189,178,118,174,1218,150,252,167,83,219,112,242,212,150,153,121,212,150,153,121,92,162,121,227,1216,195,128,176,147,224,222,224,147,224,222,224,101,233,118,201,96,170,159,1227,79,181,107,163,79,181,107,163,191,203,146,71,114,232,85,141,129,187,176,93,129,187,176,93,187,211,216,90,91,148,111,188,138,136,132,81,138,136,132,81,221,231,130,248,147,210,226,252,257,226,141,168,257,226,141,168,252,82,227,253,221,170,178,145,169,121,161,260,169,121,161,260,75,222,151,75,118,205,105,106,212,95,209,177,212,95,209,177,210,241,167,180,250,149,131,81,178,101,164,185,
141,184,122,220,188,234,248,1079,87,118,244,248,187,248,81,157,187,248,81,157,92,81,205,82,199,1120,123,73,131,232,115,206,131,232,115,206,181,217,114,200,121,181,245,77,150,111,210,226,150,111,210,226,148,110,234,143,164,218,70,241,185,234,84,193,185,234,84,193,64,218,118,224,144,210,113,202,176,252,166,74,176,252,166,74,209,185,228,248,118,199,79,94,249,120,87,204,249,120,87,204,1170,194,193,245,192,160,153,171,99,192,236,158,99,192,236,158,234,220,143,180,1165,134,166,161,112,130,159,162,112,130,159,162,160,185,158,137,174,98,224,169,124,94,230,82,124,94,230,82,73,137,172,233,120,134,109,105,92,163,240,242,92,163,240,242,114,225,67,180,94,122,86,77,217,241,1068,1098,217,241,1068,1098,76,138,191,186,102,147,195,210,244,161,96,78,
